{
  "tickCount": 15080,
  "populations": [
    2,
    175,
    160
  ],
  "totalPopulation": 337,
  "sporeCounts": [
    0,
    0,
    0
  ],
  "activeCounts": [
    2,
    175,
    160
  ],
  "avgEnergy": [
    0.1646779444983555,
    38.997696264199746,
    40.8172964948195
  ],
  "speciesRatios": [
    0.005934718100890208,
    0.5192878338278932,
    0.47477744807121663
  ],
  "hotspots": [
    {
      "x": 0.4709228320524398,
      "y": 0.6939964021480405
    },
    {
      "x": 0.6213972350748862,
      "y": 0.48891647368992314
    },
    {
      "x": 0.7004065355326309,
      "y": 0.581670007692859
    }
  ],
  "temporal_variance": {
    "population_variance": 24.317899999999998,
    "population_trend": "stable",
    "species_balance": 0.34520276953511364,
    "waste_trend": "rising"
  }
}