{
  "tickCount": 15080,
  "populations": [
    12,
    178,
    153
  ],
  "totalPopulation": 343,
  "sporeCounts": [
    0,
    0,
    1
  ],
  "activeCounts": [
    12,
    178,
    152
  ],
  "avgEnergy": [
    0.3153942812451283,
    37.63542098819519,
    38.106024842876025
  ],
  "speciesRatios": [
    0.03498542274052478,
    0.5189504373177842,
    0.446064139941691
  ],
  "hotspots": [
    {
      "x": 0.7908483524310217,
      "y": 0.6579993071166891
    },
    {
      "x": 0.5392282867490917,
      "y": 0.29227958908261864
    },
    {
      "x": 0.47563227732623425,
      "y": 0.662234344469101
    }
  ],
  "temporal_variance": {
    "population_variance": 14.096400000000006,
    "population_trend": "stable",
    "species_balance": 0.40330417881438285,
    "waste_trend": "stable"
  }
}