{
  "tickCount": 15080,
  "populations": [
    167,
    566,
    608
  ],
  "totalPopulation": 1341,
  "sporeCounts": [
    0,
    0,
    0
  ],
  "activeCounts": [
    167,
    566,
    608
  ],
  "avgEnergy": [
    6.526805603483734,
    69.65028158430353,
    62.49547450460101
  ],
  "speciesRatios": [
    0.12453392990305742,
    0.4220730797912006,
    0.453392990305742
  ],
  "hotspots": [
    {
      "x": 0.5992769340589572,
      "y": 0.7091430707213396
    },
    {
      "x": 0.3618626484918171,
      "y": 0.6514372428418168
    },
    {
      "x": 0.2901260739063855,
      "y": 0.5717047032243753
    }
  ],
  "temporal_variance": {
    "population_variance": 15.712400000000029,
    "population_trend": "stable",
    "species_balance": 0.5824011931394482,
    "waste_trend": "stable"
  }
}